20160101,00,51,10.0,0,0,Overcast
20160101,01,51,10.0,0,0,Overcast
20160101,02,51,10.0,0,0,Overcast
20160101,03,51,10.0,0,0,Overcast
20160101,04,51,10.0,0,0,Overcast
20160101,05,51,10.0,0,0,Overcast
20160101,06,51,10.0,0,0,Overcast
20160101,07,51,10.0,0,0,Overcast
20160101,08,51,10.0,0,0,Partly Cloudy
20160101,09,51,10.0,0,0,Overcast
20160101,10,51,10.0,0,0,Overcast
20160101,11,51,10.0,0,0,Overcast
20160101,12,51,10.0,0,0,Overcast
20160101,13,51,10.0,0,0,Overcast
20160101,14,51,10.0,0,0,Overcast
20160101,15,51,10.0,0,0,Overcast
20160101,16,51,10.0,0,0,Clear
20160101,17,51,10.0,0,0,Clear
20160101,18,51,10.0,0,0,Partly Cloudy
20160101,19,51,10.0,0,0,Clear
20160101,20,51,10.0,0,0,Clear
20160101,21,51,10.0,0,0,Clear
20160101,22,51,10.0,0,0,Clear
20160101,23,51,10.0,0,0,Clear
20160102,00,15,10.0,0,0,Clear
20160102,00,35,10.0,0,0,Scattered Clouds
20160102,00,55,10.0,0,0,Mostly Cloudy
20160102,01,15,10.0,0,0,Overcast
20160102,01,35,10.0,0,0,Scattered Clouds
20160102,01,55,10.0,0,0,Clear
20160102,02,15,10.0,0,0,Clear
20160102,02,35,10.0,0,0,Clear
20160102,02,55,10.0,0,0,Clear
20160102,03,15,10.0,0,0,Clear
20160102,03,35,10.0,0,0,Clear
20160102,03,55,10.0,0,0,Clear
20160102,04,15,10.0,0,0,Clear
20160102,04,35,10.0,0,0,Clear
20160102,04,55,10.0,0,0,Clear
20160102,05,15,10.0,0,0,Clear
20160102,05,35,10.0,0,0,Clear
20160102,05,55,10.0,0,0,Clear
20160102,06,15,10.0,0,0,Clear
20160102,06,35,10.0,0,0,Partly Cloudy
20160102,06,55,10.0,0,0,Partly Cloudy
20160102,07,15,10.0,0,0,Mostly Cloudy
20160102,07,35,10.0,0,0,Overcast
20160102,07,55,10.0,0,0,Overcast
20160102,08,15,10.0,0,0,Overcast
20160102,08,35,10.0,0,0,Overcast
20160102,08,55,10.0,0,0,Overcast
20160102,09,15,10.0,0,0,Overcast
20160102,09,35,10.0,0,0,Overcast
20160102,09,55,10.0,0,0,Overcast
20160102,10,15,9.0,0,0,Overcast
20160102,10,35,10.0,0,0,Overcast
20160102,10,55,10.0,0,0,Overcast
20160102,11,15,10.0,0,0,Overcast
20160102,11,35,10.0,0,0,Scattered Clouds
20160102,11,55,10.0,0,0,Scattered Clouds
20160102,12,15,10.0,0,0,Scattered Clouds
20160102,12,35,10.0,0,0,Overcast
20160102,12,55,10.0,0,0,Mostly Cloudy
20160102,13,15,10.0,0,0,Partly Cloudy
20160102,13,35,10.0,0,0,Clear
20160102,13,55,10.0,0,0,Clear
20160102,14,15,10.0,0,0,Clear
20160102,14,35,9.0,0,0,Clear
20160102,14,55,9.0,0,0,Clear
20160102,15,15,10.0,0,0,Mostly Cloudy
20160102,15,35,10.0,0,0,Mostly Cloudy
20160102,15,55,10.0,0,0,Overcast
20160102,16,15,10.0,0,0,Overcast
20160102,16,35,9.0,0,0,Overcast
20160102,16,55,9.0,0,0,Overcast
20160102,17,15,10.0,0,0,Mostly Cloudy
20160102,17,35,10.0,0,0,Scattered Clouds
20160102,17,55,9.0,0,0,Partly Cloudy
20160102,18,15,10.0,0,0,Clear
20160102,18,35,10.0,0,0,Clear
20160102,18,55,10.0,0,0,Clear
20160102,19,15,10.0,0,0,Clear
20160102,19,35,10.0,0,0,Clear
20160102,19,55,10.0,0,0,Clear
20160102,20,15,10.0,0,0,Clear
20160102,20,35,10.0,0,0,Clear
20160102,20,55,10.0,0,0,Clear
20160102,21,15,10.0,0,0,Clear
20160102,21,35,10.0,0,0,Clear
20160102,21,55,10.0,0,0,Clear
20160102,22,15,10.0,0,0,Clear
20160102,22,35,10.0,0,0,Clear
20160102,22,55,10.0,0,0,Clear
20160102,23,15,10.0,0,0,Clear
20160102,23,35,10.0,0,0,Clear
20160102,23,55,10.0,0,0,Clear
20160103,00,51,10.0,0,0,Clear
20160103,01,51,10.0,0,0,Clear
20160103,02,51,10.0,0,0,Clear
20160103,03,51,10.0,0,0,Clear
20160103,04,51,10.0,0,0,Clear
20160103,05,51,10.0,0,0,Clear
20160103,06,51,10.0,0,0,Clear
20160103,07,51,10.0,0,0,Clear
20160103,08,51,10.0,0,0,Clear
20160103,09,51,10.0,0,0,Clear
20160103,10,51,10.0,0,0,Clear
20160103,11,51,10.0,0,0,Clear
20160103,12,51,10.0,0,0,Clear
20160103,13,51,10.0,0,0,Clear
20160103,14,51,10.0,0,0,Mostly Cloudy
20160103,15,51,10.0,0,0,Clear
20160103,16,51,10.0,0,0,Overcast
20160103,17,51,10.0,0,0,Mostly Cloudy
20160103,18,51,10.0,0,0,Clear
20160103,19,51,10.0,0,0,Clear
20160103,20,51,10.0,0,0,Clear
20160103,21,51,10.0,0,0,Clear
20160103,22,51,10.0,0,0,Partly Cloudy
20160103,23,51,10.0,0,0,Partly Cloudy
20160104,00,15,10.0,0,0,Mostly Cloudy
20160104,00,35,10.0,0,0,Partly Cloudy
20160104,00,55,10.0,0,0,Scattered Clouds
20160104,01,15,10.0,0,0,Partly Cloudy
20160104,01,35,10.0,0,0,Mostly Cloudy
20160104,01,55,10.0,0,0,Overcast
20160104,02,15,10.0,0,0,Overcast
20160104,02,35,10.0,0,0,Overcast
20160104,02,55,10.0,0,0,Overcast
20160104,03,15,10.0,0,0,Overcast
20160104,03,35,10.0,0,0,Overcast
20160104,03,55,10.0,0,0,Overcast
20160104,04,15,10.0,0,0,Overcast
20160104,04,35,10.0,0,0,Overcast
20160104,04,55,10.0,0,0,Overcast
20160104,05,15,10.0,0,0,Overcast
20160104,05,35,10.0,0,0,Scattered Clouds
20160104,05,55,10.0,0,0,Clear
20160104,06,15,10.0,0,0,Clear
20160104,06,35,10.0,0,0,Clear
20160104,06,55,10.0,0,0,Partly Cloudy
20160104,07,15,10.0,0,0,Mostly Cloudy
20160104,07,35,10.0,0,0,Scattered Clouds
20160104,07,55,10.0,0,0,Mostly Cloudy
20160104,08,15,10.0,0,0,Overcast
20160104,08,35,10.0,0,0,Overcast
20160104,08,55,10.0,0,0,Overcast
20160104,09,15,10.0,0,0,Overcast
20160104,09,35,10.0,0,0,Overcast
20160104,09,55,10.0,0,0,Mostly Cloudy
20160104,10,15,10.0,0,0,Partly Cloudy
20160104,10,35,10.0,0,0,Clear
20160104,10,55,10.0,0,0,Clear
20160104,11,15,10.0,0,0,Clear
20160104,11,35,10.0,0,0,Clear
20160104,11,55,10.0,0,0,Clear
20160104,12,15,10.0,0,0,Clear
20160104,12,35,10.0,0,0,Clear
20160104,12,55,10.0,0,0,Clear
20160104,13,15,10.0,0,0,Clear
20160104,13,35,9.0,0,0,Clear
20160104,13,55,10.0,0,0,Clear
20160104,14,15,10.0,0,0,Clear
20160104,14,35,10.0,0,0,Clear
20160104,14,55,10.0,0,0,Clear
20160104,15,15,10.0,0,0,Clear
20160104,15,35,10.0,0,0,Clear
20160104,15,55,10.0,0,0,Clear
20160104,16,15,8.0,0,0,Clear
20160104,16,35,10.0,0,0,Clear
20160104,16,55,10.0,0,0,Clear
20160104,17,15,10.0,0,0,Clear
20160104,17,35,10.0,0,0,Clear
20160104,17,55,10.0,0,0,Partly Cloudy
20160104,18,15,10.0,0,0,Partly Cloudy
20160104,18,35,10.0,0,0,Clear
20160104,18,55,10.0,0,0,Clear
20160104,19,15,10.0,0,0,Partly Cloudy
20160104,19,35,10.0,0,0,Mostly Cloudy
20160104,19,55,10.0,0,0,Overcast
20160104,20,15,10.0,0,0,Overcast
20160104,20,35,10.0,0,0,Mostly Cloudy
20160104,20,55,10.0,0,0,Partly Cloudy
20160104,21,15,10.0,0,0,Partly Cloudy
20160104,21,35,10.0,0,0,Clear
20160104,21,55,10.0,0,0,Partly Cloudy
20160104,22,15,10.0,0,0,Partly Cloudy
20160104,22,35,10.0,0,0,Partly Cloudy
20160105,02,51,10.0,0,0,Clear
20160105,03,51,10.0,0,0,Clear
20160105,04,51,10.0,0,0,Clear
20160105,05,51,10.0,0,0,Clear
20160105,06,51,10.0,0,0,Clear
20160105,07,51,10.0,0,0,Clear
20160105,08,51,10.0,0,0,Clear
20160105,09,51,10.0,0,0,Clear
20160105,10,51,10.0,0,0,Clear
20160105,11,51,10.0,0,0,Clear
20160105,12,51,10.0,0,0,Clear
20160105,13,51,10.0,0,0,Clear
20160105,14,51,10.0,0,0,Clear
20160105,15,51,10.0,0,0,Clear
20160105,16,51,10.0,0,0,Clear
20160105,17,51,10.0,0,0,Clear
20160105,18,51,10.0,0,0,Clear
20160105,19,51,10.0,0,0,Clear
20160105,20,51,10.0,0,0,Clear
20160105,21,51,10.0,0,0,Clear
20160105,22,51,10.0,0,0,Clear
20160105,23,51,10.0,0,0,Clear
20160106,00,51,10.0,0,0,Clear
20160106,01,51,10.0,0,0,Clear
20160106,02,51,10.0,0,0,Clear
20160106,03,51,10.0,0,0,Clear
20160106,04,51,10.0,0,0,Clear
20160106,05,51,10.0,0,0,Clear
20160106,06,51,10.0,0,0,Clear
20160106,07,51,10.0,0,0,Clear
20160106,08,51,10.0,0,0,Clear
20160106,09,51,10.0,0,0,Clear
20160106,10,51,10.0,0,0,Clear
20160106,11,51,10.0,0,0,Clear
20160106,12,51,10.0,0,0,Clear
20160106,13,51,10.0,0,0,Clear
20160106,14,51,10.0,0,0,Clear
20160106,15,51,10.0,0,0,Clear
20160106,16,51,10.0,0,0,Clear
20160106,17,51,10.0,0,0,Clear
20160106,18,51,10.0,0,0,Clear
20160106,19,51,10.0,0,0,Clear
20160106,20,51,10.0,0,0,Clear
20160106,21,51,10.0,0,0,Clear
20160106,22,51,10.0,0,0,Clear
20160106,23,51,10.0,0,0,Clear
20160107,00,51,10.0,0,0,Clear
20160107,01,51,10.0,0,0,Clear
20160107,02,51,10.0,0,0,Clear
20160107,03,51,10.0,0,0,Clear
20160107,04,51,10.0,0,0,Clear
20160107,05,51,10.0,0,0,Partly Cloudy
20160107,06,51,10.0,0,0,Partly Cloudy
20160107,07,51,10.0,0,0,Clear
20160107,08,51,10.0,0,0,Mostly Cloudy
20160107,09,51,10.0,0,0,Partly Cloudy
20160107,10,51,10.0,0,0,Clear
20160107,11,51,10.0,0,0,Mostly Cloudy
20160107,12,51,10.0,0,0,Overcast
20160107,13,00,10.0,0,0,Overcast
20160107,13,33,10.0,0,0,Mostly Cloudy
20160107,13,51,10.0,0,0,Overcast
20160107,14,51,10.0,0,0,Overcast
20160107,15,23,10.0,0,0,Overcast
20160107,15,44,10.0,0,0,Overcast
20160107,15,51,10.0,0,0,Overcast
20160107,16,51,10.0,0,0,Clear
20160107,17,51,10.0,0,0,Overcast
20160107,18,51,10.0,0,0,Mostly Cloudy
20160107,19,51,10.0,0,0,Clear
20160107,20,51,10.0,0,0,Clear
20160107,21,51,10.0,0,0,Clear
20160107,22,51,10.0,0,0,Clear
20160107,23,51,-9999.0,0,0,Unknown
20160108,00,51,-9999.0,0,0,Unknown
20160108,01,51,-9999.0,0,0,Unknown
20160108,02,51,-9999.0,0,0,Unknown
20160108,03,51,-9999.0,0,0,Unknown
20160108,04,51,-9999.0,0,0,Unknown
20160108,05,51,-9999.0,0,0,Unknown
20160108,06,51,-9999.0,0,0,Unknown
20160108,07,51,-9999.0,0,0,Unknown
20160108,09,51,-9999.0,0,0,Unknown
20160108,10,51,-9999.0,0,0,Unknown
20160108,11,51,-9999.0,0,0,Unknown
20160108,12,51,-9999.0,0,0,Unknown
20160108,13,51,-9999.0,0,0,Unknown
20160108,14,28,10.0,0,0,Mostly Cloudy
20160108,14,51,10.0,0,0,Overcast
20160108,15,51,10.0,0,0,Overcast
20160108,16,51,10.0,0,0,Overcast
20160108,17,28,10.0,0,0,Overcast
20160108,17,48,10.0,0,0,Overcast
20160108,17,51,10.0,0,0,Overcast
20160108,18,36,10.0,0,0,Mostly Cloudy
20160108,18,51,10.0,0,0,Overcast
20160108,19,51,10.0,0,0,Overcast
20160108,20,51,10.0,0,0,Overcast
20160108,21,10,10.0,0,0,Overcast
20160108,21,42,10.0,0,0,Overcast
20160108,21,51,10.0,0,0,Overcast
20160108,22,51,10.0,0,0,Overcast
20160108,23,18,10.0,0,0,Overcast
20160108,23,46,10.0,0,0,Overcast
20160108,23,51,10.0,0,0,Overcast
20160109,00,51,10.0,0,0,Overcast
20160109,01,51,10.0,0,0,Mostly Cloudy
20160109,02,51,10.0,0,0,Partly Cloudy
20160109,03,51,10.0,0,0,Mostly Cloudy
20160109,04,51,10.0,0,0,Overcast
20160109,05,51,10.0,0,0,Overcast
20160109,06,51,10.0,0,0,Overcast
20160109,07,38,10.0,0,0,Overcast
20160109,07,51,9.0,0,0,Overcast
20160109,08,51,9.0,0,0,Overcast
20160109,09,51,9.0,0,0,Overcast
20160109,10,07,9.0,0,0,Overcast
20160109,10,16,9.0,0,0,Overcast
20160109,10,51,9.0,0,0,Overcast
20160109,11,26,9.0,0,0,Overcast
20160109,11,51,9.0,0,0,Overcast
20160109,12,51,5.0,1,0,Light Rain
20160109,13,51,8.0,0,0,Overcast
20160109,14,00,8.0,0,0,Overcast
20160109,14,44,8.0,0,0,Overcast
20160109,14,51,8.0,0,0,Overcast
20160109,15,51,8.0,0,0,Overcast
20160109,16,51,9.0,0,0,Overcast
20160109,17,51,10.0,0,0,Overcast
20160109,18,01,9.0,0,0,Overcast
20160109,18,51,10.0,0,0,Overcast
20160109,19,26,10.0,0,0,Overcast
20160109,19,51,10.0,0,0,Overcast
20160109,20,51,7.0,0,0,Overcast
20160109,21,51,8.0,0,0,Overcast
20160109,22,51,5.0,0,0,Haze
20160109,23,51,4.0,0,0,Overcast
20160110,00,51,5.0,0,0,Overcast
20160110,01,51,7.0,0,0,Overcast
20160110,02,51,8.0,1,0,Light Rain
20160110,03,47,2.5,1,0,Rain
20160110,03,51,3.0,1,0,Rain
20160110,04,12,2.5,1,0,Rain
20160110,04,39,3.0,1,0,Rain
20160110,04,41,2.5,1,0,Heavy Rain
20160110,04,51,1.5,1,0,Heavy Rain
20160110,05,02,1.8,1,0,Heavy Rain
20160110,05,37,3.0,1,0,Light Rain
20160110,05,46,1.8,1,0,Heavy Rain
20160110,05,51,1.8,1,0,Rain
20160110,06,01,2.0,1,0,Rain
20160110,06,29,3.0,1,0,Rain
20160110,06,48,2.0,1,0,Heavy Rain
20160110,06,51,1.8,1,0,Heavy Rain
20160110,07,51,1.2,1,0,Heavy Rain
20160110,08,13,0.8,1,0,Heavy Rain
20160110,08,21,1.0,1,0,Heavy Rain
20160110,08,42,3.0,1,0,Light Rain
20160110,08,51,5.0,1,0,Light Rain
20160110,09,51,5.0,0,0,Overcast
20160110,10,45,1.8,1,0,Light Rain
20160110,10,51,1.8,1,0,Light Rain
20160110,11,05,3.0,1,0,Light Rain
20160110,11,31,2.5,0,0,Overcast
20160110,11,51,2.5,1,0,Light Rain
20160110,12,04,2.5,1,0,Light Rain
20160110,12,12,1.5,1,0,Light Rain
20160110,12,18,3.0,1,0,Light Rain
20160110,12,51,4.0,0,0,Overcast
20160110,13,51,7.0,0,0,Overcast
20160110,14,12,7.0,0,0,Overcast
20160110,14,51,5.0,0,0,Overcast
20160110,15,08,5.0,0,0,Overcast
20160110,15,26,7.0,0,0,Scattered Clouds
20160110,15,51,3.0,1,0,Light Rain
20160110,16,51,10.0,0,0,Mostly Cloudy
20160110,17,51,10.0,0,0,Partly Cloudy
20160110,18,51,10.0,0,0,Clear
20160110,19,51,10.0,0,0,Overcast
20160110,20,51,10.0,0,0,Partly Cloudy
20160110,21,51,10.0,0,0,Clear
20160110,22,51,10.0,0,0,Scattered Clouds
20160110,23,51,10.0,0,0,Overcast
20160111,00,51,10.0,0,0,Overcast
20160111,01,51,10.0,0,0,Overcast
20160111,02,51,10.0,0,0,Clear
20160111,03,51,10.0,0,0,Partly Cloudy
20160111,04,51,10.0,0,0,Clear
20160111,05,51,10.0,0,0,Clear
20160111,06,51,10.0,0,0,Clear
20160111,07,51,10.0,0,0,Clear
20160111,08,51,10.0,0,0,Clear
20160111,09,51,10.0,0,0,Clear
20160111,10,51,10.0,0,0,Clear
20160111,11,51,10.0,0,0,Clear
20160111,12,51,10.0,0,0,Clear
20160111,13,51,10.0,0,0,Clear
20160111,14,51,10.0,0,0,Clear
20160111,15,51,10.0,0,0,Clear
20160111,16,51,10.0,0,0,Clear
20160111,17,51,10.0,0,0,Clear
20160111,18,51,10.0,0,0,Clear
20160111,19,51,10.0,0,0,Clear
20160111,20,51,10.0,0,0,Clear
20160111,21,51,10.0,0,0,Clear
20160111,22,51,10.0,0,0,Clear
20160111,23,51,10.0,0,0,Clear
20160112,00,51,10.0,0,0,Clear
20160112,01,51,10.0,0,0,Clear
20160112,02,51,10.0,0,0,Clear
20160112,03,51,10.0,0,0,Clear
20160112,04,51,10.0,0,0,Clear
20160112,05,51,10.0,0,0,Clear
20160112,06,51,10.0,0,0,Clear
20160112,07,51,10.0,0,0,Mostly Cloudy
20160112,08,51,10.0,0,0,Clear
20160112,09,51,10.0,0,0,Clear
20160112,10,51,10.0,0,0,Overcast
20160112,11,51,10.0,0,0,Overcast
20160112,12,51,10.0,0,0,Overcast
20160112,13,51,10.0,0,0,Overcast
20160112,14,51,10.0,0,0,Overcast
20160112,15,51,10.0,0,0,Overcast
20160112,16,51,10.0,0,0,Overcast
20160112,17,51,10.0,0,0,Mostly Cloudy
20160112,18,51,10.0,0,0,Partly Cloudy
20160112,19,51,10.0,0,0,Partly Cloudy
20160112,20,51,10.0,0,0,Overcast
20160112,21,51,10.0,0,0,Mostly Cloudy
20160112,22,51,10.0,0,0,Scattered Clouds
20160112,23,51,10.0,0,0,Mostly Cloudy
20160113,00,51,10.0,0,0,Clear
20160113,01,51,10.0,0,0,Clear
20160113,02,51,10.0,0,0,Clear
20160113,03,51,10.0,0,0,Clear
20160113,04,51,10.0,0,0,Clear
20160113,05,51,10.0,0,0,Clear
20160113,06,51,10.0,0,0,Clear
20160113,07,51,10.0,0,0,Clear
20160113,08,51,10.0,0,0,Clear
20160113,09,51,10.0,0,0,Clear
20160113,10,51,10.0,0,0,Partly Cloudy
20160113,11,51,10.0,0,0,Partly Cloudy
20160113,12,51,10.0,0,0,Clear
20160113,13,51,10.0,0,0,Clear
20160113,14,51,10.0,0,0,Clear
20160113,15,51,10.0,0,0,Clear
20160113,16,51,10.0,0,0,Clear
20160113,17,51,10.0,0,0,Clear
20160113,18,51,10.0,0,0,Clear
20160113,19,51,10.0,0,0,Clear
20160113,20,51,10.0,0,0,Clear
20160113,21,51,10.0,0,0,Clear
20160113,22,51,10.0,0,0,Partly Cloudy
20160113,23,51,10.0,0,0,Overcast
20160114,00,51,10.0,0,0,Scattered Clouds
20160114,01,51,10.0,0,0,Overcast
20160114,02,51,10.0,0,0,Overcast
20160114,03,51,10.0,0,0,Overcast
20160114,04,51,10.0,0,0,Overcast
20160114,05,51,10.0,0,0,Overcast
20160114,06,51,10.0,0,0,Overcast
20160114,07,51,10.0,0,0,Overcast
20160114,08,51,10.0,0,0,Overcast
20160114,09,51,10.0,0,0,Overcast
20160114,10,51,10.0,0,0,Overcast
20160114,11,51,10.0,0,0,Overcast
20160114,12,51,10.0,0,0,Overcast
20160114,13,51,10.0,0,0,Overcast
20160114,14,51,10.0,0,0,Overcast
20160114,15,51,10.0,0,0,Overcast
20160114,16,51,10.0,0,0,Overcast
20160114,17,51,10.0,0,0,Overcast
20160114,18,51,10.0,0,0,Overcast
20160114,19,51,10.0,0,0,Overcast
20160114,20,51,10.0,0,0,Clear
20160114,21,51,10.0,0,0,Mostly Cloudy
20160114,22,51,10.0,0,0,Overcast
20160114,23,51,10.0,0,0,Mostly Cloudy
20160115,00,51,10.0,0,0,Clear
20160115,01,51,10.0,0,0,Clear
20160115,02,51,10.0,0,0,Clear
20160115,03,51,10.0,0,0,Clear
20160115,04,51,10.0,0,0,Partly Cloudy
20160115,05,51,10.0,0,0,Overcast
20160115,06,51,10.0,0,0,Overcast
20160115,07,51,8.0,0,0,Overcast
20160115,08,51,7.0,0,0,Partly Cloudy
20160115,09,51,8.0,0,0,Clear
20160115,10,51,8.0,0,0,Clear
20160115,11,51,7.0,0,0,Clear
20160115,12,51,9.0,0,0,Clear
20160115,13,51,10.0,0,0,Clear
20160115,14,51,10.0,0,0,Clear
20160115,15,51,10.0,0,0,Clear
20160115,16,51,10.0,0,0,Clear
20160115,17,51,10.0,0,0,Clear
20160115,18,51,10.0,0,0,Clear
20160115,19,51,10.0,0,0,Clear
20160115,20,51,10.0,0,0,Overcast
20160115,21,51,10.0,0,0,Mostly Cloudy
20160115,22,51,10.0,0,0,Overcast
20160115,23,51,9.0,0,0,Mostly Cloudy
20160116,00,51,7.0,0,0,Overcast
20160116,01,06,4.0,1,0,Light Rain
20160116,01,48,4.0,1,0,Rain
20160116,01,51,3.0,1,0,Rain
20160116,01,58,2.0,1,0,Rain
20160116,02,16,2.5,1,0,Rain
20160116,02,25,3.0,1,0,Rain
20160116,02,48,4.0,1,0,Light Rain
20160116,02,51,4.0,1,0,Light Rain
20160116,03,51,7.0,1,0,Light Rain
20160116,04,51,6.0,1,0,Light Rain
20160116,05,51,10.0,0,0,Mostly Cloudy
20160116,06,51,7.0,1,0,Light Rain
20160116,07,51,6.0,1,0,Light Rain
20160116,08,10,5.0,1,0,Light Rain
20160116,08,17,6.0,1,0,Light Rain
20160116,08,47,8.0,0,0,Overcast
20160116,08,51,8.0,0,0,Overcast
20160116,09,43,9.0,0,0,Overcast
20160116,09,51,9.0,0,0,Overcast
20160116,10,51,10.0,0,0,Overcast
20160116,11,51,10.0,0,0,Overcast
20160116,12,11,10.0,0,0,Scattered Clouds
20160116,12,51,10.0,0,0,Partly Cloudy
20160116,13,51,10.0,0,0,Overcast
20160116,14,51,10.0,0,0,Overcast
20160116,15,51,10.0,0,0,Overcast
20160116,16,51,10.0,0,0,Overcast
20160116,17,51,10.0,0,0,Overcast
20160116,18,51,10.0,0,0,Overcast
20160116,19,51,10.0,0,0,Overcast
20160116,20,51,10.0,0,0,Overcast
20160116,21,51,10.0,0,0,Scattered Clouds
20160116,22,51,10.0,0,0,Overcast
20160116,23,51,10.0,0,0,Overcast
20160117,00,51,10.0,0,0,Overcast
20160117,01,25,10.0,0,0,Overcast
20160117,01,46,10.0,0,0,Overcast
20160117,01,51,10.0,0,0,Overcast
20160117,02,49,10.0,0,0,Overcast
20160117,02,51,10.0,0,0,Overcast
20160117,03,15,10.0,0,0,Overcast
20160117,03,51,10.0,0,0,Overcast
20160117,04,51,10.0,0,0,Partly Cloudy
20160117,05,51,10.0,0,0,Clear
20160117,06,51,10.0,0,0,Clear
20160117,07,51,10.0,0,0,Clear
20160117,08,51,10.0,0,0,Clear
20160117,09,51,10.0,0,0,Clear
20160117,10,51,10.0,0,0,Partly Cloudy
20160117,11,51,10.0,0,0,Overcast
20160117,12,51,10.0,0,0,Overcast
20160117,13,51,10.0,0,0,Overcast
20160117,14,51,10.0,0,0,Overcast
20160117,15,51,0.8,0,1,Light Snow
20160117,16,51,0.5,0,1,Snow
20160117,17,51,1.0,0,1,Light Snow
20160117,18,29,2.0,0,1,Light Snow
20160117,18,40,2.5,0,1,Light Snow
20160117,18,51,2.5,0,1,Light Snow
20160117,19,07,3.0,0,1,Light Snow
20160117,19,51,7.0,0,0,Overcast
20160117,20,10,9.0,0,0,Overcast
20160117,20,36,8.0,0,0,Overcast
20160117,20,51,8.0,0,0,Mostly Cloudy
20160117,21,33,9.0,0,0,Scattered Clouds
20160117,21,51,9.0,0,0,Clear
20160117,22,51,10.0,0,0,Overcast
20160117,23,51,10.0,0,0,Overcast
20160118,00,51,10.0,0,0,Clear
20160118,01,51,8.0,0,0,Clear
20160118,02,51,8.0,0,0,Clear
20160118,03,51,10.0,0,0,Clear
20160118,04,51,10.0,0,0,Partly Cloudy
20160118,05,51,10.0,0,0,Clear
20160118,06,32,1.8,0,1,Light Snow
20160118,06,43,3.0,0,1,Light Snow
20160118,06,51,9.0,0,0,Overcast
20160118,07,51,10.0,0,0,Mostly Cloudy
20160118,08,51,10.0,0,0,Clear
20160118,09,51,10.0,0,0,Partly Cloudy
20160118,10,51,10.0,0,0,Clear
20160118,11,51,10.0,0,0,Clear
20160118,12,51,10.0,0,0,Clear
20160118,13,51,10.0,0,0,Mostly Cloudy
20160118,14,51,10.0,0,0,Mostly Cloudy
20160118,15,51,10.0,0,0,Mostly Cloudy
20160118,16,51,10.0,0,0,Clear
20160118,17,51,10.0,0,0,Clear
20160118,18,51,10.0,0,0,Clear
20160118,19,51,10.0,0,0,Clear
20160118,20,51,10.0,0,0,Clear
20160118,21,51,10.0,0,0,Clear
20160118,22,51,10.0,0,0,Clear
20160118,23,51,10.0,0,0,Clear
20160119,00,51,10.0,0,0,Clear
20160119,01,51,10.0,0,0,Clear
20160119,02,51,10.0,0,0,Clear
20160119,03,51,10.0,0,0,Clear
20160119,04,51,10.0,0,0,Clear
20160119,05,51,10.0,0,0,Clear
20160119,06,51,10.0,0,0,Clear
20160119,07,51,10.0,0,0,Clear
20160119,08,51,10.0,0,0,Clear
20160119,09,51,10.0,0,0,Clear
20160119,10,51,10.0,0,0,Clear
20160119,11,51,10.0,0,0,Clear
20160119,12,51,10.0,0,0,Partly Cloudy
20160119,13,51,10.0,0,0,Clear
20160119,14,51,10.0,0,0,Clear
20160119,15,51,10.0,0,0,Clear
20160119,16,51,10.0,0,0,Clear
20160119,17,51,10.0,0,0,Clear
20160119,18,51,10.0,0,0,Clear
20160119,19,51,10.0,0,0,Clear
20160119,20,51,10.0,0,0,Clear
20160119,21,51,10.0,0,0,Clear
20160119,22,51,10.0,0,0,Overcast
20160119,23,51,10.0,0,0,Overcast
20160120,00,51,10.0,0,0,Partly Cloudy
20160120,01,51,10.0,0,0,Clear
20160120,02,51,10.0,0,0,Clear
20160120,03,51,10.0,0,0,Clear
20160120,04,51,10.0,0,0,Clear
20160120,05,51,10.0,0,0,Partly Cloudy
20160120,06,51,10.0,0,0,Partly Cloudy
20160120,07,51,10.0,0,0,Partly Cloudy
20160120,08,51,10.0,0,0,Clear
20160120,09,51,10.0,0,0,Clear
20160120,10,51,10.0,0,0,Clear
20160120,11,51,10.0,0,0,Clear
20160120,12,51,10.0,0,0,Clear
20160120,13,51,10.0,0,0,Clear
20160120,14,51,10.0,0,0,Clear
20160120,15,51,10.0,0,0,Clear
20160120,16,51,10.0,0,0,Clear
20160120,17,51,10.0,0,0,Partly Cloudy
20160120,18,51,10.0,0,0,Mostly Cloudy
20160120,19,51,10.0,0,0,Mostly Cloudy
20160120,20,51,10.0,0,0,Overcast
20160120,21,51,10.0,0,0,Overcast
20160120,22,51,10.0,0,0,Overcast
20160120,23,51,10.0,0,0,Mostly Cloudy
20160121,00,51,10.0,0,0,Overcast
20160121,01,51,10.0,0,0,Scattered Clouds
20160121,02,51,10.0,0,0,Scattered Clouds
20160121,03,51,10.0,0,0,Overcast
20160121,04,51,10.0,0,0,Clear
20160121,05,51,10.0,0,0,Clear
20160121,06,51,10.0,0,0,Clear
20160121,07,51,10.0,0,0,Clear
20160121,08,51,10.0,0,0,Clear
20160121,09,51,10.0,0,0,Clear
20160121,10,51,10.0,0,0,Clear
20160121,11,51,10.0,0,0,Clear
20160121,12,51,10.0,0,0,Clear
20160121,13,51,10.0,0,0,Clear
20160121,14,51,10.0,0,0,Clear
20160121,15,51,10.0,0,0,Partly Cloudy
20160121,16,51,10.0,0,0,Clear
20160121,17,51,10.0,0,0,Clear
20160121,18,51,10.0,0,0,Clear
20160121,19,51,10.0,0,0,Clear
20160121,20,51,10.0,0,0,Clear
20160121,21,51,10.0,0,0,Clear
20160121,22,51,10.0,0,0,Clear
20160121,23,51,10.0,0,0,Clear
20160122,00,51,10.0,0,0,Clear
20160122,01,51,10.0,0,0,Clear
20160122,02,51,10.0,0,0,Clear
20160122,03,51,10.0,0,0,Clear
20160122,04,51,10.0,0,0,Clear
20160122,05,51,10.0,0,0,Clear
20160122,06,51,10.0,0,0,Clear
20160122,07,51,10.0,0,0,Clear
20160122,08,51,10.0,0,0,Clear
20160122,09,51,10.0,0,0,Clear
20160122,10,51,10.0,0,0,Clear
20160122,11,51,10.0,0,0,Clear
20160122,12,51,10.0,0,0,Clear
20160122,13,51,10.0,0,0,Clear
20160122,14,51,10.0,0,0,Clear
20160122,15,51,10.0,0,0,Mostly Cloudy
20160122,16,51,10.0,0,0,Mostly Cloudy
20160122,17,51,10.0,0,0,Mostly Cloudy
20160122,18,51,10.0,0,0,Overcast
20160122,19,51,10.0,0,0,Overcast
20160122,20,51,10.0,0,0,Overcast
20160122,21,51,10.0,0,0,Overcast
20160122,22,39,3.0,0,1,Light Snow
20160122,22,51,3.0,0,1,Light Snow
20160122,23,03,2.5,0,1,Light Snow
20160122,23,24,1.5,0,1,Light Snow
20160122,23,51,1.2,0,1,Light Snow
20160123,00,19,0.8,0,1,Light Snow
20160123,00,47,0.5,0,1,Snow
20160123,00,51,0.5,0,1,Snow
20160123,01,51,0.5,0,1,Snow
20160123,02,38,0.8,0,1,Light Snow
20160123,02,51,1.5,0,1,Light Snow
20160123,03,35,0.8,0,1,Light Snow
20160123,03,51,0.5,0,1,Snow
20160123,04,13,0.2,0,1,Heavy Snow
20160123,04,30,0.5,0,1,Snow
20160123,04,51,0.2,0,1,Snow
20160123,05,22,0.2,0,1,Snow
20160123,05,30,0.2,0,1,Snow
20160123,05,51,0.2,0,1,Snow
20160123,06,39,0.2,0,1,Snow
20160123,06,51,0.2,0,1,Snow
20160123,07,29,0.2,0,1,Snow
20160123,07,51,0.2,0,1,Heavy Snow
20160123,08,51,0.2,0,1,Heavy Snow
20160123,09,51,0.2,0,1,Snow
20160123,10,26,0.5,0,1,Light Snow
20160123,10,51,0.2,0,1,Snow
20160123,11,02,0.2,0,1,Snow
20160123,11,38,0.2,0,1,Snow
20160123,11,51,0.2,0,1,Snow
20160123,12,40,0.2,0,1,Snow
20160123,12,51,0.2,0,1,Snow
20160123,13,51,0.2,0,1,Snow
20160123,14,51,0.2,0,1,Snow
20160123,15,19,0.2,0,1,Heavy Snow
20160123,15,51,0.2,0,1,Snow
20160123,16,24,0.2,0,1,Heavy Snow
20160123,16,51,0.2,0,1,Heavy Snow
20160123,17,34,0.2,0,1,Snow
20160123,17,51,0.2,0,1,Heavy Snow
20160123,18,51,0.5,0,0,Light Freezing Fog
20160123,19,51,0.2,0,1,Heavy Snow
20160123,20,51,0.5,0,1,Snow
20160123,21,14,1.0,0,1,Light Snow
20160123,21,35,2.0,0,1,Light Snow
20160123,21,51,2.0,0,1,Light Snow
20160123,22,01,2.5,0,1,Light Snow
20160123,22,34,3.0,0,1,Light Snow
20160123,22,51,5.0,0,1,Light Snow
20160123,23,51,4.0,0,1,Light Snow
20160124,00,37,2.5,0,1,Light Snow
20160124,00,51,4.0,0,1,Light Snow
20160124,01,04,5.0,0,0,Haze
20160124,01,19,2.5,0,1,Light Snow
20160124,01,39,4.0,0,1,Light Snow
20160124,01,51,5.0,0,0,Haze
20160124,02,51,10.0,0,0,Mostly Cloudy
20160124,03,51,10.0,0,0,Clear
20160124,04,51,10.0,0,0,Clear
20160124,05,51,10.0,0,0,Clear
20160124,06,51,10.0,0,0,Clear
20160124,06,59,10.0,0,0,Partly Cloudy
20160124,07,51,9.0,0,0,Clear
20160124,08,51,9.0,0,0,Clear
20160124,09,51,8.0,0,0,Clear
20160124,10,51,8.0,0,0,Clear
20160124,11,51,8.0,0,0,Clear
20160124,12,51,10.0,0,0,Clear
20160124,13,51,10.0,0,0,Clear
20160124,14,51,10.0,0,0,Clear
20160124,15,51,10.0,0,0,Clear
20160124,16,51,10.0,0,0,Partly Cloudy
20160124,17,51,10.0,0,0,Mostly Cloudy
20160124,18,51,10.0,0,0,Partly Cloudy
20160124,19,51,10.0,0,0,Clear
20160124,20,51,10.0,0,0,Mostly Cloudy
20160124,21,51,10.0,0,0,Partly Cloudy
20160124,22,51,10.0,0,0,Mostly Cloudy
20160124,23,51,10.0,0,0,Mostly Cloudy
20160125,00,15,10.0,0,0,Mostly Cloudy
20160125,00,35,10.0,0,0,Overcast
20160125,00,55,10.0,0,0,Overcast
20160125,01,15,10.0,0,0,Overcast
20160125,01,35,10.0,0,0,Mostly Cloudy
20160125,01,55,10.0,0,0,Partly Cloudy
20160125,02,15,10.0,0,0,Clear
20160125,02,35,10.0,0,0,Clear
20160125,02,55,10.0,0,0,Clear
20160125,03,15,10.0,0,0,Clear
20160125,03,35,10.0,0,0,Clear
20160125,03,55,10.0,0,0,Clear
20160125,04,15,10.0,0,0,Clear
20160125,04,35,10.0,0,0,Mostly Cloudy
20160125,04,55,10.0,0,0,Overcast
20160125,05,15,10.0,0,0,Mostly Cloudy
20160125,05,35,10.0,0,0,Partly Cloudy
20160125,05,55,10.0,0,0,Clear
20160125,06,15,10.0,0,0,Clear
20160125,06,35,10.0,0,0,Clear
20160125,06,55,10.0,0,0,Clear
20160125,07,15,10.0,0,0,Clear
20160125,07,35,10.0,0,0,Clear
20160125,07,55,10.0,0,0,Clear
20160125,08,15,10.0,0,0,Clear
20160125,08,35,10.0,0,0,Clear
20160125,08,55,10.0,0,0,Clear
20160125,09,15,10.0,0,0,Clear
20160125,09,35,9.0,0,0,Clear
20160125,09,55,9.0,0,0,Clear
20160125,10,15,10.0,0,0,Clear
20160125,10,35,10.0,0,0,Scattered Clouds
20160125,10,55,10.0,0,0,Overcast
20160125,11,15,10.0,0,0,Overcast
20160125,11,35,10.0,0,0,Overcast
20160125,11,55,10.0,0,0,Overcast
20160125,12,15,10.0,0,0,Overcast
20160125,12,35,10.0,0,0,Overcast
20160125,12,55,8.0,0,0,Overcast
20160125,13,15,10.0,0,0,Mostly Cloudy
20160125,13,35,10.0,0,0,Partly Cloudy
20160125,13,55,10.0,0,0,Clear
20160125,14,15,10.0,0,0,Clear
20160125,14,35,10.0,0,0,Clear
20160125,14,55,10.0,0,0,Clear
20160125,15,15,10.0,0,0,Clear
20160125,15,35,10.0,0,0,Clear
20160125,15,55,10.0,0,0,Clear
20160125,16,15,9.0,0,0,Clear
20160125,16,35,10.0,0,0,Clear
20160125,16,55,10.0,0,0,Clear
20160125,17,15,10.0,0,0,Clear
20160125,17,35,10.0,0,0,Clear
20160125,17,55,10.0,0,0,Clear
20160125,18,15,10.0,0,0,Clear
20160125,18,35,10.0,0,0,Clear
20160125,18,55,10.0,0,0,Clear
20160125,19,15,10.0,0,0,Clear
20160125,19,35,10.0,0,0,Clear
20160125,19,55,10.0,0,0,Clear
20160125,20,15,10.0,0,0,Clear
20160125,20,35,10.0,0,0,Clear
20160125,20,55,10.0,0,0,Clear
20160125,21,15,10.0,0,0,Clear
20160125,21,35,10.0,0,0,Clear
20160125,21,55,10.0,0,0,Clear
20160125,22,15,10.0,0,0,Clear
20160125,22,35,10.0,0,0,Clear
20160125,22,55,10.0,0,0,Clear
20160125,23,15,10.0,0,0,Clear
20160125,23,35,10.0,0,0,Clear
20160125,23,55,10.0,0,0,Clear
20160126,00,15,10.0,0,0,Clear
20160126,00,35,10.0,0,0,Clear
20160126,00,55,10.0,0,0,Clear
20160126,01,15,10.0,0,0,Clear
20160126,01,35,10.0,0,0,Clear
20160126,01,55,10.0,0,0,Clear
20160126,02,15,10.0,0,0,Clear
20160126,02,35,10.0,0,0,Clear
20160126,02,55,10.0,0,0,Clear
20160126,03,15,10.0,0,0,Clear
20160126,03,35,10.0,0,0,Clear
20160126,03,55,10.0,0,0,Clear
20160126,04,15,10.0,0,0,Clear
20160126,04,35,10.0,0,0,Clear
20160126,04,55,10.0,0,0,Clear
20160126,05,15,10.0,0,0,Clear
20160126,05,35,10.0,0,0,Clear
20160126,05,55,10.0,0,0,Clear
20160126,06,15,10.0,0,0,Clear
20160126,06,35,10.0,0,0,Clear
20160126,06,55,10.0,0,0,Clear
20160126,07,15,10.0,0,0,Clear
20160126,07,35,10.0,0,0,Clear
20160126,07,55,10.0,0,0,Clear
20160126,08,15,10.0,0,0,Clear
20160126,08,35,10.0,0,0,Clear
20160126,08,55,10.0,0,0,Clear
20160126,09,15,10.0,0,0,Mostly Cloudy
20160126,09,35,10.0,0,0,Overcast
20160126,09,55,10.0,0,0,Mostly Cloudy
20160126,10,15,10.0,0,0,Mostly Cloudy
20160126,10,35,10.0,0,0,Mostly Cloudy
20160126,10,55,10.0,0,0,Mostly Cloudy
20160126,11,15,10.0,0,0,Partly Cloudy
20160126,11,35,10.0,0,0,Scattered Clouds
20160126,11,55,10.0,0,0,Overcast
20160126,12,15,10.0,0,0,Mostly Cloudy
20160126,12,35,10.0,0,0,Clear
20160126,12,55,10.0,0,0,Clear
20160126,13,15,10.0,0,0,Clear
20160126,13,35,10.0,0,0,Clear
20160126,13,55,10.0,0,0,Clear
20160126,14,15,10.0,0,0,Clear
20160126,14,35,10.0,0,0,Clear
20160126,14,55,10.0,0,0,Clear
20160126,15,15,10.0,0,0,Clear
20160126,15,35,10.0,0,0,Clear
20160126,15,55,10.0,0,0,Clear
20160126,16,15,10.0,0,0,Clear
20160126,16,35,10.0,0,0,Clear
20160126,16,55,10.0,0,0,Clear
20160126,17,15,10.0,0,0,Clear
20160126,17,35,10.0,0,0,Partly Cloudy
20160126,17,55,10.0,0,0,Partly Cloudy
20160126,18,15,10.0,0,0,Clear
20160126,18,35,10.0,0,0,Clear
20160126,18,55,10.0,0,0,Scattered Clouds
20160126,19,15,10.0,0,0,Scattered Clouds
20160126,19,35,10.0,0,0,Overcast
20160126,19,55,10.0,0,0,Scattered Clouds
20160126,20,15,10.0,0,0,Clear
20160126,20,35,10.0,0,0,Clear
20160126,20,55,10.0,0,0,Clear
20160126,21,15,10.0,0,0,Partly Cloudy
20160126,21,35,10.0,0,0,Mostly Cloudy
20160126,21,55,10.0,0,0,Mostly Cloudy
20160126,22,15,10.0,0,0,Scattered Clouds
20160126,22,35,10.0,0,0,Mostly Cloudy
20160126,22,55,10.0,0,0,Mostly Cloudy
20160126,23,15,10.0,0,0,Mostly Cloudy
20160126,23,35,10.0,0,0,Overcast
20160126,23,55,10.0,0,0,Overcast
20160127,00,51,10.0,0,0,Mostly Cloudy
20160127,01,51,10.0,0,0,Overcast
20160127,02,51,10.0,0,0,Overcast
20160127,03,51,8.0,1,0,Light Rain
20160127,04,51,10.0,0,0,Overcast
20160127,05,51,10.0,0,0,Overcast
20160127,06,51,10.0,0,0,Overcast
20160127,07,51,10.0,0,0,Mostly Cloudy
20160127,08,51,10.0,0,0,Mostly Cloudy
20160127,09,51,10.0,0,0,Mostly Cloudy
20160127,10,51,10.0,0,0,Clear
20160127,11,51,10.0,0,0,Clear
20160127,12,51,10.0,0,0,Clear
20160127,13,51,10.0,0,0,Clear
20160127,14,51,10.0,0,0,Partly Cloudy
20160127,15,51,10.0,0,0,Clear
20160127,16,51,10.0,0,0,Clear
20160127,17,51,10.0,0,0,Mostly Cloudy
20160127,18,51,10.0,0,0,Partly Cloudy
20160127,19,51,10.0,0,0,Clear
20160127,20,51,10.0,0,0,Clear
20160127,21,51,10.0,0,0,Clear
20160127,22,51,10.0,0,0,Clear
20160127,23,51,10.0,0,0,Clear
20160128,00,51,10.0,0,0,Clear
20160128,01,51,10.0,0,0,Clear
20160128,02,51,10.0,0,0,Clear
20160128,03,51,10.0,0,0,Clear
20160128,04,51,10.0,0,0,Clear
20160128,05,51,10.0,0,0,Clear
20160128,06,51,10.0,0,0,Clear
20160128,07,51,10.0,0,0,Clear
20160128,08,51,10.0,0,0,Clear
20160128,09,51,10.0,0,0,Clear
20160128,10,51,10.0,0,0,Clear
20160128,11,51,10.0,0,0,Clear
20160128,12,51,10.0,0,0,Clear
20160128,13,51,10.0,0,0,Clear
20160128,14,51,10.0,0,0,Clear
20160128,15,51,10.0,0,0,Clear
20160128,16,51,10.0,0,0,Clear
20160128,17,51,10.0,0,0,Clear
20160128,18,51,10.0,0,0,Overcast
20160128,19,51,10.0,0,0,Clear
20160128,20,51,10.0,0,0,Mostly Cloudy
20160128,21,51,10.0,0,0,Scattered Clouds
20160128,22,51,10.0,0,0,Overcast
20160128,23,51,10.0,0,0,Mostly Cloudy
20160129,00,51,10.0,0,0,Overcast
20160129,01,51,10.0,0,0,Scattered Clouds
20160129,02,51,10.0,0,0,Clear
20160129,03,51,10.0,0,0,Clear
20160129,04,51,10.0,0,0,Overcast
20160129,05,51,10.0,0,0,Mostly Cloudy
20160129,06,51,10.0,0,0,Clear
20160129,07,51,8.0,0,0,Clear
20160129,08,51,8.0,0,0,Mostly Cloudy
20160129,09,51,8.0,0,0,Overcast
20160129,10,51,7.0,0,0,Overcast
20160129,11,51,8.0,0,0,Scattered Clouds
20160129,12,51,10.0,0,0,Overcast
20160129,13,51,10.0,0,0,Overcast
20160129,14,51,10.0,0,0,Overcast
20160129,15,51,10.0,0,0,Mostly Cloudy
20160129,16,51,10.0,0,0,Overcast
20160129,17,51,10.0,0,0,Overcast
20160129,18,51,10.0,0,0,Partly Cloudy
20160129,19,51,10.0,0,0,Partly Cloudy
20160129,20,51,10.0,0,0,Clear
20160129,21,51,10.0,0,0,Clear
20160129,22,51,10.0,0,0,Clear
20160129,23,51,10.0,0,0,Clear
20160130,00,51,10.0,0,0,Clear
20160130,01,51,10.0,0,0,Clear
20160130,02,51,10.0,0,0,Clear
20160130,03,51,10.0,0,0,Clear
20160130,04,51,10.0,0,0,Clear
20160130,05,51,10.0,0,0,Clear
20160130,06,51,10.0,0,0,Clear
20160130,07,51,10.0,0,0,Clear
20160130,08,51,10.0,0,0,Clear
20160130,09,51,10.0,0,0,Clear
20160130,10,51,10.0,0,0,Partly Cloudy
20160130,11,51,10.0,0,0,Clear
20160130,12,51,10.0,0,0,Clear
20160130,13,51,10.0,0,0,Clear
20160130,14,51,10.0,0,0,Clear
20160130,15,51,10.0,0,0,Clear
20160130,16,51,10.0,0,0,Clear
20160130,17,51,10.0,0,0,Clear
20160130,18,51,10.0,0,0,Clear
20160130,19,51,10.0,0,0,Clear
20160130,20,51,10.0,0,0,Clear
20160130,21,51,10.0,0,0,Clear
20160130,22,51,10.0,0,0,Clear
20160130,23,51,10.0,0,0,Clear
20160131,00,51,10.0,0,0,Clear
20160131,01,51,10.0,0,0,Clear
20160131,02,51,10.0,0,0,Clear
20160131,03,51,10.0,0,0,Clear
20160131,04,51,10.0,0,0,Clear
20160131,05,51,10.0,0,0,Clear
20160131,06,51,10.0,0,0,Clear
20160131,07,51,10.0,0,0,Clear
20160131,08,51,10.0,0,0,Clear
20160131,09,51,10.0,0,0,Clear
20160131,10,51,10.0,0,0,Clear
20160131,11,51,10.0,0,0,Clear
20160131,12,51,10.0,0,0,Clear
20160131,13,51,10.0,0,0,Clear
20160131,14,51,10.0,0,0,Clear
20160131,15,51,10.0,0,0,Clear
20160131,16,51,10.0,0,0,Clear
20160131,17,51,10.0,0,0,Clear
20160131,18,51,10.0,0,0,Clear
20160131,19,51,10.0,0,0,Clear
20160131,20,51,10.0,0,0,Clear
20160131,21,51,10.0,0,0,Clear
20160131,22,51,10.0,0,0,Clear
20160131,23,51,10.0,0,0,Clear
